{"ProjectWatches":"{\"Value\":[]}","ProjectBreakpoints":"{\"Value\":{\"Seq - SearchForTheRecipe.xaml\":[{\"ConditionalExpression\":null,\"ActionExpression\":null,\"ExpectedHitCounter\":null,\"ShouldContinueAfterAction\":false,\"IsEnabled\":false,\"ActivityIdRef\":\"Sequence_13\",\"ActivityId\":\"1.15\",\"ActivityName\":\"Match - Sequence\"},{\"ConditionalExpression\":null,\"ActionExpression\":null,\"ExpectedHitCounter\":null,\"ShouldContinueAfterAction\":false,\"IsEnabled\":true,\"ActivityIdRef\":\"LogMessage_5\",\"ActivityId\":\"1.97\",\"ActivityName\":\"Log Message\"}],\"Main.xaml\":[{\"ConditionalExpression\":null,\"ActionExpression\":null,\"ExpectedHitCounter\":null,\"ShouldContinueAfterAction\":false,\"IsEnabled\":true,\"ActivityIdRef\":\"InvokeWorkflowFile_5\",\"ActivityId\":\"1.27\",\"ActivityName\":\"Invoke InitiAllApplications workflow\"},{\"ConditionalExpression\":null,\"ActionExpression\":null,\"ExpectedHitCounter\":null,\"ShouldContinueAfterAction\":false,\"IsEnabled\":false,\"ActivityIdRef\":\"If_11\",\"ActivityId\":\"1.158\",\"ActivityName\":\"Should Stop or Get Next\"},{\"ConditionalExpression\":null,\"ActionExpression\":null,\"ExpectedHitCounter\":null,\"ShouldContinueAfterAction\":false,\"IsEnabled\":true,\"ActivityIdRef\":\"Assign_27\",\"ActivityId\":\"1.84\",\"ActivityName\":\"Set transaction status to SystemException\"}],\"Framework/SetTransactionStatus.xaml\":[{\"ConditionalExpression\":null,\"ActionExpression\":null,\"ExpectedHitCounter\":null,\"ShouldContinueAfterAction\":false,\"IsEnabled\":true,\"ActivityIdRef\":\"Flowchart_2\",\"ActivityId\":\"1.1\",\"ActivityName\":\"Set Transaction Status\"}],\"Framework/InitAllApplications.xaml\":[{\"ConditionalExpression\":null,\"ActionExpression\":null,\"ExpectedHitCounter\":null,\"ShouldContinueAfterAction\":false,\"IsEnabled\":false,\"ActivityIdRef\":\"LogMessage_3\",\"ActivityId\":\"1.2\",\"ActivityName\":\"Log Message\"}]}}","OpenedDocuments":"[\"Framework/InitAllApplications.xaml\",\"Seq - SearchForTheRecipe.xaml\",\"Process.xaml\",\"Framework/RetryCurrentTransaction.xaml\",\"Framework/TakeScreenshot.xaml\",\"Framework/SetTransactionStatus.xaml\",\"Framework/GetTransactionData.xaml\",\"Framework/CloseAllApplications.xaml\",\"Framework/KillAllProcesses.xaml\",\"Main.xaml\"]"}