{"ProjectWatches":"{\"Value\":[]}","OpenedDocuments":"[\"Main.xaml\",\"Seq - GetDataFromAppointmentLetter.xaml\",\"Seq - GetDataFromPayrollForm.xaml\"]","ProjectBreakpoints":"{\"Value\":{\"Seq - GetDataFromAppointmentLetter.xaml\":[{\"ConditionalExpression\":null,\"ActionExpression\":null,\"ExpectedHitCounter\":null,\"ShouldContinueAfterAction\":false,\"IsEnabled\":true,\"ActivityIdRef\":\"ReadPDFText_1\",\"ActivityId\":\"1.64\",\"ActivityName\":\"Read PDF Text\"}],\"Seq - GetDataFromPayrollForm.xaml\":[{\"ConditionalExpression\":null,\"ActionExpression\":null,\"ExpectedHitCounter\":null,\"ShouldContinueAfterAction\":false,\"IsEnabled\":true,\"ActivityIdRef\":\"MessageBox_3\",\"ActivityId\":\"1.4\",\"ActivityName\":\"Message Box\"}]}}"}